{
  "name": "apex_ml",
  "feature_names": [
    "tfi",
    "obi",
    "mpd",
    "hawkes",
    "cascade",
    "funding",
    "mom_15m",
    "mom_60m",
    "cvd_15m",
    "cvd_60m",
    "trade_15m",
    "trade_60m"
  ],
  "coefs": [
    0.02423135935831852,
    -0.04134693277914975,
    0.026284846177770053,
    -0.007482034587347143,
    0.0,
    0.0,
    -0.08515730033431786,
    -0.067634737432892,
    0.02750019903156949,
    -0.006740624574945376,
    0.007799881760641446,
    0.002121982428393325
  ],
  "intercept": -0.006125064712219267,
  "scaler_mean": [
    -0.021187320594944863,
    -0.002028393916314435,
    0.009036842580109542,
    0.08436888259300047,
    0.0,
    0.0,
    -0.0004972208840799133,
    0.00199011099477457,
    -0.0032497646457027673,
    -0.0010859908006903506,
    -0.0003508871487592507,
    0.010771436871272834
  ],
  "scaler_std": [
    0.20007837906394269,
    0.7286874759374585,
    0.131936921046701,
    0.024003800030946536,
    1.0,
    1.0,
    1.005697714194762,
    1.0105373762080014,
    1.013330845507099,
    1.022721176642389,
    1.0908310456851469,
    1.0987283364073175
  ]
}