{
  "name": "apex_ml",
  "feature_names": [
    "tfi",
    "obi",
    "mpd",
    "hawkes",
    "cascade",
    "funding",
    "mom_15m",
    "mom_60m",
    "cvd_15m",
    "cvd_60m",
    "trade_15m",
    "trade_60m"
  ],
  "coefs": [
    -0.04342741127397587,
    -3.102062153470029e-05,
    0.004445436511189732,
    -0.00251716804485478,
    0.0,
    0.0,
    -0.12717911443444246,
    -0.04398614846959749,
    0.04816448293732664,
    -0.0086572881692955,
    0.0054011469295597095,
    0.0010183333187563709
  ],
  "intercept": 0.011537263464878935,
  "scaler_mean": [
    -0.020097444044443347,
    -0.0014797267390449455,
    0.008750890258185795,
    0.08439790559373692,
    0.0,
    0.0,
    0.0020955044784546997,
    0.0004793917254134163,
    -0.0003630495834492376,
    0.0005333046437379209,
    0.03474777713437632,
    0.02896159507700398
  ],
  "scaler_std": [
    0.13591192420111103,
    0.7263202336744412,
    0.08691969434833813,
    0.02412183145061423,
    1.0,
    1.0,
    1.007050048149253,
    1.0187884932634206,
    1.014619189902645,
    1.0378806032011434,
    1.1108271597479837,
    1.0969787703289282
  ]
}