{
  "name": "apex_ml",
  "feature_names": [
    "tfi",
    "obi",
    "mpd",
    "hawkes",
    "cascade",
    "funding",
    "mom_15m",
    "mom_60m",
    "cvd_15m",
    "cvd_60m",
    "trade_15m",
    "trade_60m"
  ],
  "coefs": [
    -0.02214362386231981,
    -0.010365147897462651,
    0.010241630857964862,
    0.005431455109435493,
    0.0,
    0.0,
    -0.06330785064106798,
    -0.06976056871074933,
    0.009878801885629434,
    0.002938488864505631,
    0.0033244892925956998,
    -0.0030820037437101194
  ],
  "intercept": -0.012016544000117877,
  "scaler_mean": [
    -0.00464930066720538,
    0.0013002550199117547,
    0.002845062170774689,
    0.08435608344776532,
    0.0,
    0.0,
    -0.0023846865919401887,
    -0.002246788482801896,
    -0.001793306783098267,
    0.0004729183711066475,
    -0.0027489539357255155,
    -0.0012679700802347557
  ],
  "scaler_std": [
    0.2383649232634657,
    0.7301351975710162,
    0.14765962208194966,
    0.0242612210216357,
    1.0,
    1.0,
    1.007793077087233,
    1.0112121084045047,
    1.0143036358767585,
    1.0243491263180426,
    1.0619095691201703,
    1.06789824630408
  ]
}