{
  "name": "apex_ml",
  "feature_names": [
    "tfi",
    "obi",
    "mpd",
    "hawkes",
    "cascade",
    "funding",
    "mom_15m",
    "mom_60m",
    "cvd_15m",
    "cvd_60m",
    "trade_15m",
    "trade_60m"
  ],
  "coefs": [
    -0.06533667909033468,
    0.025024284214751353,
    -0.009528112085073705,
    -0.008787576762489669,
    0.0,
    0.0,
    -0.11485577002765616,
    -0.06066245909484721,
    0.025995769530002103,
    0.00031215989971390755,
    0.016678110177311817,
    -0.013755748463799244
  ],
  "intercept": 0.007090518695400536,
  "scaler_mean": [
    -0.005613287535948508,
    0.0006269855467461919,
    0.0031908872409461197,
    0.08436637410606468,
    0.0,
    0.0,
    -0.001746255855779302,
    -0.005579969446238476,
    -0.001979350616992055,
    -0.0008137904469805162,
    0.016163487232991207,
    0.007509421827304932
  ],
  "scaler_std": [
    0.16672351244914702,
    0.7281811905624131,
    0.10012223435827575,
    0.02436687223394294,
    1.0,
    1.0,
    1.005756648080017,
    1.017994961174736,
    1.0143969134380995,
    1.0349763343380376,
    1.0722119183934593,
    1.0628588369233711
  ]
}