{
  "name": "apex_ml",
  "feature_names": [
    "tfi",
    "obi",
    "mpd",
    "hawkes",
    "cascade",
    "funding",
    "mom_15m",
    "mom_60m",
    "cvd_15m",
    "cvd_60m",
    "trade_15m",
    "trade_60m"
  ],
  "coefs": [
    0.0,
    0.0,
    0.0,
    0.023961313990548308,
    0.0,
    0.0,
    -0.04239061877158485,
    -0.06240501879572634,
    0.0,
    0.0,
    0.0,
    0.0
  ],
  "intercept": 0.010730429615925388,
  "scaler_mean": [
    0.0,
    0.0,
    0.0,
    0.08353322388299592,
    0.0,
    0.0,
    -0.0031351889698168615,
    -0.002476684689632566,
    0.0,
    0.0,
    0.0,
    0.0
  ],
  "scaler_std": [
    1.0,
    1.0,
    1.0,
    0.00013716512659497584,
    1.0,
    1.0,
    1.0038150002694384,
    1.0064557707362052,
    1.0,
    1.0,
    1.0,
    1.0
  ]
}