{
  "name": "apex_ml",
  "feature_names": [
    "tfi",
    "obi",
    "mpd",
    "hawkes",
    "cascade",
    "funding",
    "mom_15m",
    "mom_60m",
    "cvd_15m",
    "cvd_60m",
    "trade_15m",
    "trade_60m"
  ],
  "coefs": [
    0.0,
    0.0,
    0.0,
    -0.05531784153204792,
    0.0,
    0.0,
    -0.06309206402232695,
    -0.05553027312146265,
    0.0,
    0.0,
    0.0,
    0.0
  ],
  "intercept": -0.06830522609051295,
  "scaler_mean": [
    0.0,
    0.0,
    0.0,
    0.08353322388299592,
    0.0,
    0.0,
    -0.00190476927917923,
    -0.0018120111506436992,
    0.0,
    0.0,
    0.0,
    0.0
  ],
  "scaler_std": [
    1.0,
    1.0,
    1.0,
    0.00013716512659497584,
    1.0,
    1.0,
    1.010316255844422,
    1.018383660285619,
    1.0,
    1.0,
    1.0,
    1.0
  ]
}